<BackupInst xmlns="http://www.microsoft.com/GroupPolicy/GPOOperations/Manifest"><GPOGuid><![CDATA[{EBC88816-0B94-4561-8718-4DB1C9A685E5}]]></GPOGuid><GPODomain><![CDATA[CIS.BM]]></GPODomain><GPODomainGuid><![CDATA[{09a94884-59a0-4a2a-8795-69a6bc23c4e7}]]></GPODomainGuid><GPODomainController><![CDATA[WindowsBMDC.CIS.BM]]></GPODomainController><BackupTime><![CDATA[2023-04-04T19:15:45]]></BackupTime><ID><![CDATA[{B56766A3-0E30-4569-B91F-7A12EB6ECE47}]]></ID><Comment><![CDATA[CIS Microsoft Windows Server 2022 v2.0.0 Domain Controller Level 2]]></Comment><GPODisplayName><![CDATA[Windows Server 2022 22H2 DC L2]]></GPODisplayName></BackupInst>
