<BackupInst xmlns="http://www.microsoft.com/GroupPolicy/GPOOperations/Manifest"><GPOGuid><![CDATA[{BC4AA241-8DB1-4452-80C9-B2EEB11727DA}]]></GPOGuid><GPODomain><![CDATA[CIS.BM]]></GPODomain><GPODomainGuid><![CDATA[{09a94884-59a0-4a2a-8795-69a6bc23c4e7}]]></GPODomainGuid><GPODomainController><![CDATA[WindowsBMDC.CIS.BM]]></GPODomainController><BackupTime><![CDATA[2023-03-07T14:00:17]]></BackupTime><ID><![CDATA[{8FC0C736-ED3F-4573-A4F8-72175FFF70C9}]]></ID><Comment><![CDATA[CIS Microsoft Windows 10 Enterprise Benchmark v2.0.0 User L2]]></Comment><GPODisplayName><![CDATA[Windows 10 22H2 User L2]]></GPODisplayName></BackupInst>
