<Backups xmlns="http://www.microsoft.com/GroupPolicy/GPOOperations/Manifest" xmlns:mfst="http://www.microsoft.com/GroupPolicy/GPOOperations/Manifest" mfst:version="1.0"><BackupInst><GPOGuid><![CDATA[{0F84A035-339A-44DF-A718-63C8E56B07A6}]]></GPOGuid><GPODomain><![CDATA[CIS.BM]]></GPODomain><GPODomainGuid><![CDATA[{09a94884-59a0-4a2a-8795-69a6bc23c4e7}]]></GPODomainGuid><GPODomainController><![CDATA[WindowsBMDC.CIS.BM]]></GPODomainController><BackupTime><![CDATA[2023-03-07T13:58:13]]></BackupTime><ID><![CDATA[{231D65BC-641D-4661-AAD9-2CB6FD9B5BF0}]]></ID><Comment><![CDATA[CIS Microsoft Windows 10 Enterprise Benchmark v2.0.0 Services L1]]></Comment><GPODisplayName><![CDATA[Windows 10 22H2 Services L1]]></GPODisplayName></BackupInst></Backups>