<Backups xmlns="http://www.microsoft.com/GroupPolicy/GPOOperations/Manifest" xmlns:mfst="http://www.microsoft.com/GroupPolicy/GPOOperations/Manifest" mfst:version="1.0"><BackupInst><GPOGuid><![CDATA[{6301D8F1-E7D9-48E1-80A6-D1DFD19FABC7}]]></GPOGuid><GPODomain><![CDATA[CIS.BM]]></GPODomain><GPODomainGuid><![CDATA[{09a94884-59a0-4a2a-8795-69a6bc23c4e7}]]></GPODomainGuid><GPODomainController><![CDATA[WindowsBMDC.CIS.BM]]></GPODomainController><BackupTime><![CDATA[2023-04-04T19:16:23]]></BackupTime><ID><![CDATA[{89ACD606-6BB2-430A-BC86-3BF900671A9F}]]></ID><Comment><![CDATA[CIS Microsoft Windows Server 2022 v2.0.0 Member Server Level 1]]></Comment><GPODisplayName><![CDATA[Windows Server 2022 22H2 MS L1]]></GPODisplayName></BackupInst></Backups>