<BackupInst xmlns="http://www.microsoft.com/GroupPolicy/GPOOperations/Manifest"><GPOGuid><![CDATA[{B47BFF82-A7E6-4A17-8BA3-3E43A585FA03}]]></GPOGuid><GPODomain><![CDATA[CIS.BM]]></GPODomain><GPODomainGuid><![CDATA[{09a94884-59a0-4a2a-8795-69a6bc23c4e7}]]></GPODomainGuid><GPODomainController><![CDATA[WindowsBMDC.CIS.BM]]></GPODomainController><BackupTime><![CDATA[2023-03-07T13:59:39]]></BackupTime><ID><![CDATA[{8F1E0893-C8A3-4B35-99AA-75BAE88A82E7}]]></ID><Comment><![CDATA[CIS Microsoft Windows 10 Enterprise Benchmark v2.0.0 Services L2]]></Comment><GPODisplayName><![CDATA[Windows 10 22H2 Services L2]]></GPODisplayName></BackupInst>
