<Backups xmlns="http://www.microsoft.com/GroupPolicy/GPOOperations/Manifest" xmlns:mfst="http://www.microsoft.com/GroupPolicy/GPOOperations/Manifest" mfst:version="1.0"><BackupInst><GPOGuid><![CDATA[{1910A640-851D-47C9-BB96-D44534650F34}]]></GPOGuid><GPODomain><![CDATA[CIS.BM]]></GPODomain><GPODomainGuid><![CDATA[{09a94884-59a0-4a2a-8795-69a6bc23c4e7}]]></GPODomainGuid><GPODomainController><![CDATA[WindowsBMDC.CIS.BM]]></GPODomainController><BackupTime><![CDATA[2023-03-07T14:00:02]]></BackupTime><ID><![CDATA[{3F24D649-1F4D-4348-8028-49F3B3D20CC2}]]></ID><Comment><![CDATA[CIS Microsoft Windows 10 Enterprise Benchmark v2.0.0 User L1]]></Comment><GPODisplayName><![CDATA[Windows 10 22H2 User L1]]></GPODisplayName></BackupInst></Backups>