<BackupInst xmlns="http://www.microsoft.com/GroupPolicy/GPOOperations/Manifest"><GPOGuid><![CDATA[{E23B1438-ED30-4943-81D8-1B130BCDF3E6}]]></GPOGuid><GPODomain><![CDATA[CIS.BM]]></GPODomain><GPODomainGuid><![CDATA[{09a94884-59a0-4a2a-8795-69a6bc23c4e7}]]></GPODomainGuid><GPODomainController><![CDATA[WindowsBMDC.CIS.BM]]></GPODomainController><BackupTime><![CDATA[2023-03-08T14:39:47]]></BackupTime><ID><![CDATA[{B4C6F752-656F-4DC5-8A3E-39C74131276F}]]></ID><Comment><![CDATA[CIS Microsoft Windows 10 Enterprise v2.0.0 Computer L1]]></Comment><GPODisplayName><![CDATA[Windows 10 22H2 Comp L1]]></GPODisplayName></BackupInst>
