<Backups xmlns="http://www.microsoft.com/GroupPolicy/GPOOperations/Manifest" xmlns:mfst="http://www.microsoft.com/GroupPolicy/GPOOperations/Manifest" mfst:version="1.0"><BackupInst><GPOGuid><![CDATA[{BB721D3B-FBAC-467A-9EBC-625D3CDEEC8D}]]></GPOGuid><GPODomain><![CDATA[CIS.BM]]></GPODomain><GPODomainGuid><![CDATA[{09a94884-59a0-4a2a-8795-69a6bc23c4e7}]]></GPODomainGuid><GPODomainController><![CDATA[WindowsBMDC.CIS.BM]]></GPODomainController><BackupTime><![CDATA[2023-04-04T19:15:06]]></BackupTime><ID><![CDATA[{BB2B244E-9173-4A5F-AB75-ADDC7B003C59}]]></ID><Comment><![CDATA[CIS Microsoft Windows Server 2022 v2.0.0 Domain Controller Level 1]]></Comment><GPODisplayName><![CDATA[Windows Server 2022 22H2 DC L1]]></GPODisplayName></BackupInst></Backups>