<BackupInst xmlns="http://www.microsoft.com/GroupPolicy/GPOOperations/Manifest"><GPOGuid><![CDATA[{FB74E24E-C7F9-40A4-A3C9-EAFEC4A72488}]]></GPOGuid><GPODomain><![CDATA[CIS.BM]]></GPODomain><GPODomainGuid><![CDATA[{09a94884-59a0-4a2a-8795-69a6bc23c4e7}]]></GPODomainGuid><GPODomainController><![CDATA[WindowsBMDC.CIS.BM]]></GPODomainController><BackupTime><![CDATA[2023-04-04T19:15:33]]></BackupTime><ID><![CDATA[{1049F57E-2233-47EF-8486-2941AFFE5BDF}]]></ID><Comment><![CDATA[CIS Microsoft Windows Server 2022 v2.0.0 Domain Controller Level 1 Services]]></Comment><GPODisplayName><![CDATA[Windows Server 2022 22H2 DC L1 Services]]></GPODisplayName></BackupInst>
