<BackupInst xmlns="http://www.microsoft.com/GroupPolicy/GPOOperations/Manifest"><GPOGuid><![CDATA[{B5BF2F24-633C-4820-BCFC-D8930A6EB4EC}]]></GPOGuid><GPODomain><![CDATA[CIS.BM]]></GPODomain><GPODomainGuid><![CDATA[{09a94884-59a0-4a2a-8795-69a6bc23c4e7}]]></GPODomainGuid><GPODomainController><![CDATA[WindowsBMDC.CIS.BM]]></GPODomainController><BackupTime><![CDATA[2023-03-07T13:56:23]]></BackupTime><ID><![CDATA[{27F5FE4F-25A2-48D1-A41B-846FFF220E8D}]]></ID><Comment><![CDATA[CIS Microsoft Windows 10 Enterprise Benchmark v2.0.0 Bitlocker]]></Comment><GPODisplayName><![CDATA[Windows 10 22H2 BitLocker]]></GPODisplayName></BackupInst>
