<BackupInst xmlns="http://www.microsoft.com/GroupPolicy/GPOOperations/Manifest"><GPOGuid><![CDATA[{6DA0D911-1908-46FD-9924-EEDF26F48E79}]]></GPOGuid><GPODomain><![CDATA[CIS.BM]]></GPODomain><GPODomainGuid><![CDATA[{09a94884-59a0-4a2a-8795-69a6bc23c4e7}]]></GPODomainGuid><GPODomainController><![CDATA[WindowsBMDC.CIS.BM]]></GPODomainController><BackupTime><![CDATA[2023-04-04T19:17:36]]></BackupTime><ID><![CDATA[{7A536913-BE78-49A7-8495-795F65458798}]]></ID><Comment><![CDATA[CIS Microsoft Windows Server 2022 v2.0.0 Member Server Next Generation]]></Comment><GPODisplayName><![CDATA[Windows Server 2022 22H2 MS NGWS]]></GPODisplayName></BackupInst>
