<BackupInst xmlns="http://www.microsoft.com/GroupPolicy/GPOOperations/Manifest"><GPOGuid><![CDATA[{F88BCC37-088A-4898-8CA8-13D8EF062718}]]></GPOGuid><GPODomain><![CDATA[CIS.BM]]></GPODomain><GPODomainGuid><![CDATA[{09a94884-59a0-4a2a-8795-69a6bc23c4e7}]]></GPODomainGuid><GPODomainController><![CDATA[WindowsBMDC.CIS.BM]]></GPODomainController><BackupTime><![CDATA[2023-03-07T13:57:39]]></BackupTime><ID><![CDATA[{50AA09EF-5D4C-44A9-BE87-9A800CFF6687}]]></ID><Comment><![CDATA[CIS Microsoft Windows 10 Enterprise Benchmark v2.0.0 Next Generation]]></Comment><GPODisplayName><![CDATA[Windows 10 22H2 NextGeneration]]></GPODisplayName></BackupInst>
