<BackupInst xmlns="http://www.microsoft.com/GroupPolicy/GPOOperations/Manifest"><GPOGuid><![CDATA[{6717FE67-64FC-4A49-8536-6E43BDC71356}]]></GPOGuid><GPODomain><![CDATA[CIS.BM]]></GPODomain><GPODomainGuid><![CDATA[{09a94884-59a0-4a2a-8795-69a6bc23c4e7}]]></GPODomainGuid><GPODomainController><![CDATA[WindowsBMDC.CIS.BM]]></GPODomainController><BackupTime><![CDATA[2023-03-07T13:57:12]]></BackupTime><ID><![CDATA[{1D264973-CAD4-4DFB-9956-FF0E65B3E2A8}]]></ID><Comment><![CDATA[CIS Microsoft Windows 10 Enterprise Benchmark v2.0.0 Computer L2]]></Comment><GPODisplayName><![CDATA[Windows 10 22H2 Comp L2]]></GPODisplayName></BackupInst>
